Rank,Team,Date and time,Time,Accuracy,Perfomance,Score,,,
1st,LaEspresso,2023-12-11,12:09:51,0,0.49434,2521.872,,,
2nd,hfsz,2023-07-11,9:53:43,0,0.29611,1600.586,,,
3rd,MMAI,2023-07-16,21:59:34,0,0.46662,989.718,,,
4th,user339,2023-07-16,22:49:12,0.001,0.49103,579.656,,,
5th,MMAI,2023-07-16,23:23:36,0.001,0.46732,551.351,,,
6th,ModelTC,2023-07-31,12:34:49,0.008,0.4989,63.975,,,
7th,ModelTC,2023-07-30,12:25:48,0.008,0.48764,63.125,,,
8th,ModelTC,2023-07-29,12:04:03,0.008,0.48629,62.522,,,
9th,ENOT,2023-08-04,10:58:55,0.008,0.47574,56.771,,,
10th,ModelTC,2023-07-25,11:41:16,0.009,0.49668,53.731,,,
11th,ModelTC,2023-07-23,11:24:00,0.009,0.49088,52.179,,,
12th,ModelTC,2023-07-21,11:00:15,0.011,0.4996,46.257,,,
13th,ModelTC,2023-07-20,7:13:47,0.011,0.49756,45.561,,,
14th,台灣小孩,2023-08-04,23:58:37,0.011,0.48717,42.565,,,
15th,ENOT,2023-08-02,1:04:01,0.011,0.47825,41.705,,,
16th,SEU-AI,2023-08-01,9:06:19,0.012,0.49264,40.904,,,
17th,AI2023,2023-08-02,0:32:17,0.012,0.48136,40.401,,,
18th,AI2023,2023-08-03,7:55:31,0.012,0.48066,40.162,,,
19th,AI2023,2023-08-01,12:12:05,0.012,0.4861,39.721,,,
20th,DL,2023-08-02,20:59:08,0.012,0.48129,39.1,,,
21st,IAI126,2023-08-02,20:50:35,0.012,0.48129,38.781,,,
22nd,LIedu,2023-08-02,20:27:21,0.013,0.48129,38.14,,,
23rd,gggg,2023-08-02,2:52:32,0.013,0.46626,35.971,,,
24th,g666,2023-08-01,6:05:41,0.014,0.47522,34.694,,,
25th,alll,2023-07-10,10:25:20,0,0.01238,34.489,,,
26th,ENOT,2023-08-03,10:51:43,0.014,0.48722,34.137,,,
27th,goodluck2,2023-08-01,10:40:16,0.015,0.47271,32.161,,,
28th,台灣小孩,2023-07-19,8:35:39,0.012,0.39232,31.615,,,
29th,eastmoon,2023-08-01,21:48:51,0.015,0.47317,30.987,,,
30th,IAI126,2023-07-27,3:36:48,0.016,0.49109,30.915,,,
31st,ModelTC,2023-07-17,14:16:48,0.016,0.49726,30.725,,,
32nd,user46,2023-07-18,4:40:49,0.015,0.4677,30.522,,,
33rd,user35,2023-08-03,9:13:43,0.013,0.38229,30.29,,,
34th,kosaki,2023-08-03,2:43:34,0.013,0.39681,29.933,,,
35th,fuce,2023-08-01,5:22:38,0.015,0.46253,29.898,,,
36th,ENOT,2023-07-29,13:05:57,0.015,0.45458,29.83,,,
37th,user35,2023-08-02,9:09:19,0.013,0.39138,29.699,,,
38th,ZXCDL,2023-08-02,23:14:15,0.016,0.46802,29.675,,,
39th,sb,2023-08-02,22:15:31,0.017,0.48908,29.506,,,
40th,sb,2023-08-01,23:05:50,0.017,0.49137,29.426,,,
41st,SEU-AI,2023-08-02,6:15:49,0.017,0.48147,29.06,,,
42nd,NCKU_ACVLA,2023-08-02,11:35:26,0.012,0.33252,28.817,,,
43rd,wodehaoge,2023-08-04,8:18:43,0.015,0.43551,28.743,,,
44th,wodehaoge,2023-08-04,8:33:36,0.015,0.43022,28.643,,,
45th,ZXCDL,2023-08-03,22:29:50,0.016,0.47056,28.633,,,
46th,NCKU_ACVLA,2023-08-04,4:14:54,0.012,0.33915,28.63,,,
47th,user35,2023-08-04,23:54:22,0.016,0.45249,28.546,,,
48th,AI2023,2023-08-01,6:24:07,0.017,0.49713,28.518,,,
49th,NCKU_ACVLA,2023-08-02,12:28:52,0.011,0.32439,28.341,,,
50th,wodehaoge,2023-08-03,12:14:56,0.015,0.42775,28.323,,,
51st,eastmoon,2023-08-01,22:34:48,0.017,0.49137,28.281,,,
52nd,goodluck,2023-08-01,10:22:24,0.017,0.4742,28.146,,,
53rd,sb,2023-08-03,21:14:14,0.017,0.48315,27.892,,,
54th,user35,2023-08-01,9:08:57,0.014,0.37767,27.17,,,
55th,sb,2023-08-02,22:40:57,0.017,0.46616,27.154,,,
56th,AI2023,2023-08-03,23:55:16,0.018,0.49291,27.154,,,
57th,user35,2023-08-01,10:37:46,0.013,0.34787,27.022,,,
58th,user35,2023-07-31,5:58:48,0.013,0.34818,27.004,,,
59th,xiaohao1,2023-08-03,4:10:14,0.018,0.46595,26.559,,,
60th,alll,2023-07-17,6:15:40,0.001,0.0287,26.295,,,
61st,xiaohao1,2023-08-03,8:33:02,0.018,0.46144,26.128,,,
62nd,goodluck,2023-07-30,23:27:35,0.019,0.48274,25.763,,,
63rd,fucq,2023-08-01,4:48:33,0.018,0.46253,25.734,,,
64th,eastmoon,2023-08-02,22:00:08,0.016,0.39633,25.491,,,
65th,huhu,2023-07-31,0:26:52,0.015,0.3669,25.114,,,
66th,SEU-AI,2023-08-02,23:03:11,0.02,0.49576,24.801,,,
67th,xiaohao1,2023-08-03,4:39:38,0.02,0.50002,24.55,,,
68th,alll,2023-07-02,9:02:53,0.001,0.02294,24.108,,,
69th,huhu,2023-07-30,8:53:10,0.016,0.37648,24.018,,,
70th,user35,2023-08-02,8:38:57,0.016,0.37767,23.893,,,
71st,ENOT,2023-07-31,13:42:37,0.019,0.4551,23.751,,,
72nd,abinabin,2023-07-31,1:41:46,0.021,0.48761,23.608,,,
73rd,user46,2023-07-19,7:47:54,0.019,0.43971,23.581,,,
74th,eastmoon,2023-08-02,21:44:20,0.016,0.37124,22.985,,,
75th,NCKU_ACVLA,2023-08-03,14:37:25,0.014,0.30771,22.793,,,
76th,huhu,2023-07-30,10:11:50,0.016,0.37074,22.648,,,
77th,NCKU_ACVLA,2023-08-03,16:44:11,0.014,0.30906,22.574,,,
78th,eslab,2023-07-14,10:40:05,0.022,0.48967,22.28,,,
79th,bugger7,2023-07-31,0:14:30,0.017,0.36693,22.037,,,
80th,wodehaoge,2023-07-31,21:40:59,0.021,0.43526,21.01,,,
81st,NCKU_ACVLA,2023-07-31,3:44:10,0.018,0.35687,20.366,,,
82nd,Hawk,Eye,2023-07-27,13:10:43,0.022,0.44565,20.247,,
83rd,NCKU_ACVLA,2023-07-28,16:35:23,0.021,0.40906,19.928,,,
84th,Hawk,Eye,2023-07-23,10:26:42,0.023,0.46384,19.771,,
85th,NCKU_ACVLA,2023-07-30,1:25:49,0.018,0.34575,19.616,,,
86th,sb,2023-07-31,21:16:23,0.025,0.4739,19.09,,,
87th,alll,2023-07-29,9:36:06,0.007,0.12924,18.978,,,
88th,user35,2023-08-01,8:38:40,0.02,0.37767,18.966,,,
89th,ENOT,2023-07-23,8:48:22,0.026,0.49038,18.961,,,
90th,Hawk,Eye,2023-07-26,12:39:16,0.024,0.45291,18.802,,
91st,guab,2023-07-31,23:47:24,0.027,0.49295,17.961,,,
92nd,Hawk,Eye,2023-08-04,23:22:44,0.026,0.46369,17.946,,
93rd,Hawk,Eye,2023-07-20,11:32:57,0.027,0.49103,17.881,,
94th,user35,2023-08-04,23:00:15,0.027,0.47986,17.737,,,
95th,user35,2023-08-03,23:35:15,0.028,0.49044,17.485,,,
96th,presso,2023-07-04,10:49:24,0.001,0.0216,17.238,,,
97th,presso,2023-07-02,9:05:06,0.001,0.01978,17.208,,,
98th,台灣小孩,2023-07-16,7:34:30,0.029,0.50093,17.074,,,
99th,user46,2023-07-12,5:18:09,0.029,0.49431,17.032,,,
100th,MMAI,2023-07-24,21:38:05,0.024,0.39863,16.777,,,
101st,presso,2023-07-16,4:46:44,0.001,0.01956,16.739,,,
102nd,ZXCDL,2023-07-27,11:35:51,0.03,0.49681,16.3,,,
103rd,ZXCDL,2023-07-24,4:47:53,0.03,0.4892,16.204,,,
104th,ggbb,2023-07-31,23:45:42,0.031,0.49295,16.098,,,
105th,ZXCDL,2023-07-30,0:42:09,0.03,0.48355,16.064,,,
106th,MMAI,2023-07-23,21:34:57,0.026,0.42226,16.056,,,
107th,MMAI,2023-07-19,21:55:28,0.026,0.41581,16.019,,,
108th,ZY,2023-08-04,3:56:39,0.03,0.4838,15.977,,,
109th,user35,2023-08-04,23:54:54,0.031,0.49178,15.965,,,
110th,happygame,2023-07-29,8:15:57,0.03,0.48355,15.855,,,
111th,YH,2023-08-03,23:11:15,0.031,0.48581,15.831,,,
112th,YH,2023-08-04,3:26:59,0.03,0.47826,15.765,,,
113th,goodluck,2023-07-29,8:25:26,0.03,0.47601,15.758,,,
114th,ygyw,2023-07-23,4:26:54,0.03,0.46902,15.569,,,
115th,ZXCDL,2023-07-23,2:59:49,0.03,0.46902,15.554,,,
116th,ygyw,2023-07-24,4:49:25,0.03,0.46626,15.419,,,
117th,happygame,2023-07-30,23:44:51,0.03,0.46721,15.383,,,
118th,eastmoon,2023-07-22,2:18:07,0.03,0.4516,15.071,,,
119th,Hawk,Eye,2023-07-24,12:26:43,0.031,0.45614,14.894,,
120th,Z,2023-07-27,2:51:25,0.029,0.4302,14.78,,,
121st,1234421,2023-07-30,22:24:13,0.021,0.30962,14.514,,,
122nd,Hawk,Eye,2023-07-30,11:12:04,0.035,0.49948,14.294,,
123rd,user35,2023-07-27,20:47:33,0.016,0.22962,14.072,,,
124th,Hawk,Eye,2023-07-21,12:19:56,0.034,0.46858,13.987,,
125th,Hawk,Eye,2023-07-28,13:30:12,0.034,0.46743,13.836,,
126th,YH,2023-07-23,21:52:56,0.025,0.33659,13.629,,,
127th,happygame,2023-07-27,3:32:50,0.031,0.41749,13.599,,,
128th,Hawk,Eye,2023-08-02,12:23:45,0.035,0.4706,13.547,,
129th,Hawk,Eye,2023-07-25,12:27:49,0.036,0.4906,13.509,,
130th,user35,2023-07-29,19:27:42,0.019,0.26059,13.435,,,
131st,Hawk,Eye,2023-08-04,22:14:38,0.031,0.40061,12.993,,
132nd,YH,2023-07-20,0:16:37,0.025,0.31654,12.786,,,
133rd,user35,2023-07-19,9:57:50,0.027,0.34336,12.773,,,
134th,Z,2023-07-20,3:54:17,0.025,0.317,12.764,,,
135th,eslab,2023-07-10,17:38:37,0.039,0.48032,12.237,,,
136th,hfsz,2023-07-23,4:13:15,0.038,0.46902,12.186,,,
137th,MMAI,2023-07-20,21:56:38,0.034,0.41488,12.112,,,
138th,TUDS,2023-08-04,8:38:22,0.04,0.47594,12.009,,,
139th,TUDS,2023-07-19,7:47:49,0.04,0.4793,11.935,,,
140th,test,2023-07-06,9:21:09,0.042,0.49962,11.934,,,
141st,huhu,2023-07-30,8:16:32,0.031,0.36916,11.925,,,
142nd,alll,2023-07-12,10:35:30,0.001,0.01106,11.874,,,
143rd,TUDS,2023-07-17,6:00:40,0.04,0.47323,11.789,,,
144th,ZXCDL,2023-07-10,1:39:03,0.042,0.49114,11.591,,,
145th,TUDS,2023-08-04,8:03:00,0.04,0.454,11.387,,,
146th,wjcg,2023-07-23,4:17:53,0.042,0.46902,11.094,,,
147th,presso,2023-07-29,3:22:31,0.01,0.10854,10.8,,,
148th,alll,2023-07-28,8:29:41,0.009,0.09606,10.728,,,
149th,wanja,2023-07-15,11:20:53,0.044,0.46557,10.543,,,
150th,abinabin,2023-08-03,23:02:40,0.039,0.40164,10.331,,,
151st,CXK,2023-07-23,3:54:51,0.046,0.46902,10.12,,,
152nd,alll,2023-07-01,9:01:36,0.002,0.01529,9.808,,,
153rd,Hawk,Eye,2023-07-14,10:45:29,0.052,0.50058,9.709,,
154th,test,2023-07-13,9:42:07,0.031,0.30168,9.669,,,
155th,gggg,2023-07-31,8:02:46,0.022,0.20989,9.549,,,
156th,ipp,2023-07-17,5:16:40,0.025,0.24073,9.481,,,
157th,kosaki,2023-07-17,1:05:34,0.05,0.46144,9.293,,,
158th,SEU-AI,2023-07-24,8:54:31,0.055,0.50099,9.049,,,
159th,YH,2023-07-18,7:16:51,0.049,0.44379,9.03,,,
160th,alll,2023-07-03,9:26:07,0.001,0.01107,8.956,,,
161st,bugger6,2023-07-30,23:30:43,0.046,0.40117,8.701,,,
162nd,LIedu,2023-08-04,19:10:45,0.056,0.48249,8.649,,,
163rd,IAI126,2023-08-04,18:22:11,0.058,0.50059,8.585,,,
164th,DL,2023-08-04,10:39:03,0.057,0.48216,8.495,,,
165th,DL,2023-08-04,18:42:00,0.059,0.49994,8.49,,,
166th,bugger9,2023-07-31,4:55:00,0.057,0.47006,8.279,,,
167th,AI2023,2023-08-04,0:34:55,0.056,0.46557,8.253,,,
168th,bugger7,2023-08-02,0:38:28,0.06,0.4915,8.207,,,
169th,acv,2023-07-29,22:29:28,0.055,0.4452,8.073,,,
170th,alll,2023-08-03,3:16:41,0.015,0.11713,8.042,,,
171st,huhu,2023-08-02,0:15:54,0.061,0.49401,8.035,,,
172nd,kosaki,2023-07-13,2:27:32,0.059,0.46757,7.923,,,
173rd,bugger9,2023-08-02,0:05:02,0.058,0.45499,7.866,,,
174th,brian1009,2023-07-17,8:32:19,0.063,0.48907,7.794,,,
175th,wanja,2023-07-13,2:19:21,0.059,0.46352,7.793,,,
176th,Smith,2023-07-20,9:36:43,0.062,0.48293,7.74,,,
177th,huhu,2023-08-02,3:50:13,0.044,0.34124,7.693,,,
178th,huhu,2023-07-30,10:23:52,0.045,0.34124,7.649,,,
179th,g777,2023-08-04,22:03:36,0.064,0.48697,7.636,,,
180th,huhu,2023-08-02,3:29:46,0.045,0.34124,7.632,,,
181st,kosaki,2023-07-15,5:18:48,0.062,0.4741,7.629,,,
182nd,murasaki,2023-07-16,8:33:01,0.063,0.47554,7.574,,,
183rd,acv,2023-07-07,9:56:43,0.061,0.46064,7.559,,,
184th,presso,2023-07-01,9:01:09,0.001,0.00848,7.557,,,
185th,2m2m2m2m,2023-07-25,21:57:22,0.064,0.47536,7.471,,,
186th,acv,2023-07-05,9:40:01,0.058,0.43062,7.393,,,
187th,acv,2023-07-10,22:28:35,0.063,0.46428,7.375,,,
188th,2m3m4m,2023-07-29,5:58:21,0.01,0.07351,7.309,,,
189th,1234421,2023-07-19,21:46:01,0.066,0.47962,7.227,,,
190th,ZY,2023-07-18,5:39:25,0.061,0.44379,7.22,,,
191st,user46,2023-07-06,6:22:45,0.059,0.42231,7.206,,,
192nd,ipp,2023-07-13,6:57:48,0.029,0.20989,7.145,,,
193rd,HugeRabbit,2023-07-29,12:55:00,0.062,0.43939,7.128,,,
194th,HugeRabbit,2023-08-01,7:56:51,0.061,0.43741,7.119,,,
195th,1234421,2023-07-23,5:27:22,0.034,0.2407,7.117,,,
196th,AI2023,2023-08-04,20:26:56,0.058,0.40907,7.111,,,
197th,YH,2023-07-17,4:29:05,0.06,0.42646,7.079,,,
198th,Y,2023-07-17,23:10:40,0.061,0.43162,7.058,,,
199th,PotatoNet,2023-08-02,9:02:00,0.064,0.45116,7.039,,,
200th,1m1m1m1,2023-07-26,9:53:17,0.06,0.42481,7.036,,,
201st,acv,2023-07-08,10:36:04,0.059,0.41219,7.027,,,
202nd,eslab,2023-07-05,8:49:56,0.065,0.45699,7.027,,,
203rd,HugeRabbit,2023-07-27,10:09:09,0.061,0.42895,7.014,,,
204th,test,2023-07-29,2:19:39,0.011,0.07606,7,,,
205th,HugeRabbit,2023-07-23,6:56:56,0.061,0.42957,6.99,,,
206th,台灣小孩,2023-07-20,12:06:17,0.068,0.4712,6.963,,,
207th,hani,2023-07-27,1:41:42,0.069,0.4805,6.956,,,
208th,HugeRabbit,2023-07-24,7:57:56,0.061,0.41633,6.771,,,
209th,hani,2023-08-03,14:36:57,0.061,0.4132,6.761,,,
210th,NCKU_ACVLA,2023-07-25,14:10:19,0.058,0.38943,6.738,,,
211th,HugeRabbit,2023-07-22,0:19:39,0.062,0.41252,6.664,,,
212th,NCKU_ACVLA,2023-08-01,12:56:37,0.054,0.35687,6.642,,,
213th,CARES,2023-08-04,17:14:30,0.076,0.50068,6.623,,,
214th,SEU-AI,2023-07-12,9:24:54,0.061,0.40635,6.61,,,
215th,NCKU_ACVLA,2023-07-24,9:08:06,0.069,0.4493,6.543,,,
216th,eslab,2023-07-11,1:18:49,0.075,0.47703,6.327,,,
217th,user35,2023-07-12,9:54:23,0.043,0.2751,6.326,,,
218th,hy911,2023-07-27,2:29:13,0.078,0.48803,6.285,,,
219th,ModelTC,2023-07-09,7:47:29,0.082,0.50102,6.146,,,
220th,Meituan,2023-07-09,11:56:03,0.082,0.49555,6.08,,,
221st,Ele.me,2023-07-10,1:05:52,0.082,0.49722,6.079,,,
222nd,test,2023-07-12,9:37:33,0.035,0.20989,6.059,,,
223rd,MMAI,2023-07-26,9:13:18,0.075,0.4529,6.059,,,
224th,interesting16,2023-07-09,12:14:32,0.082,0.49443,6.058,,,
225th,ModelTC,2023-07-10,8:32:49,0.082,0.49223,6.038,,,
226th,fp128,2023-07-10,0:52:31,0.082,0.49051,6.009,,,
227th,brian1009,2023-07-31,3:13:31,0.053,0.31751,5.997,,,
228th,acv,2023-07-09,10:36:10,0.083,0.48838,5.888,,,
229th,MMAI,2023-07-26,8:56:02,0.075,0.44077,5.876,,,
230th,MMAI,2023-07-17,22:40:53,0.086,0.50024,5.849,,,
231st,ZaiBing,2023-07-09,3:26:56,0.081,0.47083,5.805,,,
232nd,NCKU_ACVLA,2023-07-27,16:09:56,0.077,0.4493,5.803,,,
233rd,HugeRabbit,2023-08-02,10:21:27,0.08,0.4609,5.746,,,
234th,acv,2023-07-06,9:40:13,0.061,0.35054,5.721,,,
235th,eslab,2023-07-09,6:57:03,0.084,0.47607,5.658,,,
236th,alll,2023-07-04,10:47:27,0.001,0.00564,5.51,,,
237th,NCKU_ACVLA,2023-07-26,15:16:18,0.082,0.4493,5.506,,,
238th,ENOT,2023-07-12,11:32:06,0.085,0.4668,5.464,,,
239th,eslab,2023-07-01,9:13:25,0.087,0.47238,5.414,,,
240th,ZaiBing,2023-07-07,23:44:42,0.084,0.4562,5.402,,,
241st,HugeRabbit,2023-08-01,10:46:22,0.08,0.43002,5.389,,,
242nd,NCKU_ACVLA,2023-07-23,4:59:38,0.088,0.47258,5.375,,,
243rd,acv,2023-07-04,9:28:02,0.089,0.47189,5.278,,,
244th,wanja,2023-07-10,0:57:59,0.083,0.43848,5.266,,,
245th,acv,2023-07-09,22:27:55,0.09,0.47259,5.251,,,
246th,MMAI,2023-07-24,21:50:24,0.089,0.46354,5.205,,,
247th,CXK,2023-07-09,5:46:10,0.042,0.21188,5.095,,,
248th,CXK,2023-07-03,10:14:27,0.113,0.57534,5.081,,,
249th,PotatoNet,2023-08-04,23:30:28,0.097,0.49193,5.079,,,
250th,hani,2023-07-28,19:51:04,0.094,0.47305,5.055,,,
251st,hy911,2023-08-04,21:44:55,0.05,0.24873,5.001,,,
252nd,ZaiBing,2023-07-03,23:44:42,0.059,0.29611,4.979,,,
253rd,fp128,2023-07-04,8:16:22,0.101,0.50127,4.963,,,
254th,ENOT,2023-07-02,9:20:47,0.112,0.55528,4.962,,,
255th,sb,2023-07-03,2:46:12,0.113,0.56152,4.951,,,
256th,ipp,2023-07-04,10:52:14,0.089,0.44244,4.945,,,
257th,goodluck,2023-07-27,2:18:50,0.042,0.20989,4.94,,,
258th,ENOT,2023-07-07,11:45:39,0.112,0.55274,4.925,,,
259th,Hawk,Eye,2023-07-10,11:33:00,0.099,0.4888,4.913,,
260th,SEU-AI,2023-07-10,9:44:28,0.096,0.46957,4.881,,,
261st,wjcg,2023-07-09,10:59:59,0.044,0.21188,4.837,,,
262nd,Hawk,Eye,2023-07-09,11:27:52,0.103,0.49643,4.836,,
263rd,hfsz,2023-07-10,8:49:40,0.044,0.21188,4.83,,,
264th,lhbd,2023-07-09,9:49:41,0.044,0.21188,4.822,,,
265th,ZaiBing,2023-07-10,10:35:28,0.044,0.21188,4.796,,,
266th,Hawk,Eye,2023-07-01,9:15:58,0.103,0.49211,4.781,,
267th,Hawk,Eye,2023-07-07,1:41:29,0.091,0.43323,4.779,,
268th,mranyone80,2023-07-24,5:38:11,0.105,0.50127,4.772,,,
269th,mraanyone80,2023-08-02,4:25:02,0.105,0.50127,4.766,,,
270th,mraanyone80,2023-08-04,5:40:57,0.105,0.50127,4.757,,,
271st,mraanyone80,2023-08-03,7:46:24,0.106,0.50127,4.751,,,
272nd,NCKU_ACVLA,2023-07-12,7:38:51,0.108,0.51133,4.727,,,
273rd,iCAS,Lab,2023-07-03,0:19:53,0.108,0.50933,4.71,,
274th,NCKU_ACVLA,2023-07-10,1:17:56,0.109,0.5119,4.692,,,
275th,CARES,2023-08-01,19:20:19,0.108,0.5066,4.676,,,
276th,eslab,2023-07-01,13:12:04,0.108,0.50667,4.671,,,
277th,eslab,2023-07-01,23:25:10,0.108,0.50357,4.65,,,
278th,mr80aaa,2023-07-24,5:57:44,0.108,0.50127,4.647,,,
279th,eslab,2023-07-02,10:59:32,0.108,0.50086,4.642,,,
280th,huhu,2023-07-04,22:56:53,0.108,0.50127,4.636,,,
281st,sample,2023-07-03,11:48:02,0.108,0.50127,4.634,,,
282nd,ModelTC,2023-07-03,12:48:05,0.108,0.50127,4.634,,,
283rd,happygame,2023-07-19,21:30:58,0.108,0.50127,4.633,,,
284th,eslab,2023-07-01,13:21:10,0.108,0.50149,4.632,,,
285th,sample,2023-07-21,11:43:41,0.108,0.50127,4.631,,,
286th,sample,2023-07-19,7:17:58,0.108,0.50127,4.63,,,
287th,moka,2023-07-18,8:48:15,0.108,0.50127,4.63,,,
288th,Z,2023-07-17,3:40:03,0.108,0.50127,4.628,,,
289th,HugeRabbit,2023-07-19,23:39:36,0.108,0.50127,4.628,,,
290th,user35,2023-07-03,20:46:27,0.108,0.50127,4.625,,,
291st,user35,2023-07-05,10:28:11,0.108,0.50127,4.622,,,
292nd,HugeRabbit,2023-08-02,3:20:06,0.097,0.44754,4.61,,,
293rd,eslab,2023-07-01,12:46:46,0.108,0.4987,4.607,,,
294th,mraanyone80,2023-07-17,6:09:59,0.109,0.50127,4.6,,,
295th,CARES,2023-07-31,16:54:28,0.108,0.49839,4.595,,,
296th,eslab,2023-07-01,23:23:19,0.109,0.49836,4.587,,,
297th,user35,2023-07-10,7:46:19,0.076,0.34931,4.569,,,
298th,mranyone80,2023-07-15,6:12:07,0.11,0.50127,4.565,,,
299th,hy911,2023-08-04,14:09:48,0.049,0.2241,4.542,,,
300th,ipp,2023-07-03,5:40:25,0.104,0.47252,4.534,,,
301st,eslab,2023-07-01,12:49:21,0.108,0.49063,4.53,,,
302nd,IAI126,2023-08-01,1:36:25,0.12,0.53696,4.492,,,
303rd,lp,2023-07-03,0:16:08,0.108,0.48216,4.455,,,
304th,Ele.me,2023-07-08,13:23:29,0.111,0.49354,4.438,,,
305th,lp,2023-07-03,0:16:46,0.108,0.47606,4.405,,,
306th,abinabin,2023-07-04,0:42:13,0.067,0.29599,4.396,,,
307th,user35,2023-07-06,21:16:28,0.116,0.50127,4.338,,,
308th,eslab,2023-07-01,23:27:19,0.108,0.46849,4.328,,,
309th,huhu,2023-07-20,5:01:12,0.109,0.46937,4.326,,,
310th,test,2023-07-03,9:14:11,0.101,0.42113,4.164,,,
311th,Hawk,Eye,2023-07-12,10:44:51,0.114,0.4726,4.144,,
312th,Smith,2023-07-12,21:43:57,0.114,0.47079,4.129,,,
313th,eslab,2023-07-01,9:45:55,0.122,0.49916,4.096,,,
314th,hfsz,2023-07-09,5:02:18,0.063,0.25609,4.092,,,
315th,TUDS,2023-07-09,15:01:16,0.123,0.50127,4.09,,,
316th,acv,2023-07-13,2:03:50,0.098,0.39802,4.065,,,
317th,LaEspresso,2023-12-11,19:21:30,0.127,0.5098,4.015,,,
318th,eslab,2023-07-01,12:50:57,0.117,0.46896,4.004,,,
319th,Smith,2023-07-15,3:33:43,0.114,0.45656,3.999,,,
320th,ENOT,2023-07-08,12:33:28,0.135,0.53364,3.961,,,
321st,HugeRabbit,2023-08-03,7:48:34,0.095,0.37308,3.936,,,
322nd,hani,2023-08-02,7:50:06,0.137,0.53543,3.912,,,
323rd,ipp,2023-07-26,22:14:02,0.123,0.48001,3.907,,,
324th,fp128,2023-07-08,12:34:32,0.123,0.47139,3.829,,,
325th,presso,2023-07-03,9:22:40,0.001,0.00366,3.811,,,
326th,presso,2023-08-02,21:53:01,0.139,0.52485,3.787,,,
327th,presso,2023-07-28,1:31:41,0.098,0.3718,3.786,,,
328th,ipp,2023-07-28,1:43:34,0.098,0.37086,3.776,,,
329th,eslab,2023-07-01,12:48:08,0.108,0.40586,3.744,,,
330th,ipp,2023-08-02,6:28:47,0.14,0.51705,3.704,,,
331st,alll,2023-08-03,8:16:11,0.142,0.52292,3.675,,,
332nd,goodluck2,2023-07-30,3:47:52,0.162,0.59655,3.674,,,
333rd,ipp,2023-08-04,21:39:34,0.151,0.5528,3.666,,,
334th,ipp,2023-08-04,21:45:15,0.151,0.55306,3.661,,,
335th,presso,2023-08-01,21:57:05,0.152,0.554,3.636,,,
336th,presso,2023-08-01,23:36:00,0.153,0.55421,3.627,,,
337th,ipp,2023-07-24,10:44:26,0.145,0.52671,3.626,,,
338th,huhu,2023-07-16,22:19:57,0.108,0.38988,3.608,,,
339th,1234421,2023-07-13,0:29:49,0.162,0.58324,3.598,,,
340th,presso,2023-08-01,3:43:40,0.153,0.54516,3.573,,,
341st,ipp,2023-08-02,6:37:45,0.145,0.51461,3.548,,,
342nd,ipp,2023-07-25,10:48:42,0.144,0.50563,3.51,,,
343rd,presso,2023-07-23,7:29:02,0.143,0.49899,3.487,,,
344th,presso,2023-07-26,21:58:10,0.149,0.5185,3.483,,,
345th,abinabin,2023-07-09,4:42:34,0.06,0.20771,3.48,,,
346th,presso,2023-07-25,9:27:05,0.156,0.54414,3.478,,,
347th,huhu,2023-07-24,4:53:22,0.067,0.22993,3.436,,,
348th,Smith,2023-07-16,3:45:37,0.148,0.509,3.434,,,
349th,MMAI,2023-07-07,5:28:55,0.163,0.55837,3.433,,,
350th,user35,2023-07-09,0:09:59,0.146,0.50108,3.425,,,
351st,user35,2023-07-07,23:48:34,0.146,0.50108,3.422,,,
352nd,modric,2023-07-03,14:09:07,0.146,0.50108,3.421,,,
353rd,ipp,2023-08-02,6:44:57,0.156,0.52468,3.366,,,
354th,test,2023-07-25,23:22:04,0.153,0.51607,3.364,,,
355th,alll,2023-07-23,12:05:23,0.15,0.50426,3.355,,,
356th,abinabin,2023-07-20,0:45:20,0.026,0.08677,3.342,,,
357th,test,2023-08-01,5:24:00,0.165,0.55273,3.341,,,
358th,presso,2023-07-22,6:45:51,0.143,0.47818,3.336,,,
359th,alll,2023-07-22,12:03:32,0.163,0.54239,3.321,,,
360th,ipp,2023-07-21,10:13:15,0.159,0.52669,3.306,,,
361st,presso,2023-07-30,22:45:01,0.171,0.5632,3.293,,,
362nd,presso,2023-07-24,7:31:47,0.161,0.52836,3.282,,,
363rd,user35,2023-07-10,7:35:17,0.107,0.34944,3.278,,,
364th,test,2023-07-24,10:39:22,0.154,0.50496,3.277,,,
365th,test,2023-07-22,10:28:35,0.158,0.51731,3.272,,,
366th,ipp,2023-07-20,8:56:51,0.169,0.54988,3.248,,,
367th,alll,2023-07-24,12:18:46,0.17,0.5456,3.212,,,
368th,acv,2023-07-17,9:01:38,0.162,0.51766,3.205,,,
369th,acv,2023-07-16,5:49:58,0.162,0.51766,3.204,,,
370th,test,2023-07-21,10:14:33,0.158,0.50284,3.189,,,
371st,ipp,2023-07-22,10:29:39,0.167,0.53053,3.176,,,
372nd,presso,2023-08-02,22:10:21,0.167,0.52612,3.142,,,
373rd,presso,2023-07-20,0:39:34,0.174,0.54454,3.121,,,
374th,alll,2023-07-26,0:13:33,0.153,0.47611,3.12,,,
375th,test,2023-07-19,8:21:16,0.179,0.55509,3.109,,,
376th,test,2023-07-20,8:57:14,0.173,0.53496,3.095,,,
377th,test,2023-07-23,10:37:48,0.183,0.5622,3.075,,,
378th,NCKU_ACVLA,2023-07-16,7:44:15,0.108,0.32843,3.031,,,
379th,dummy,2023-07-25,2:59:27,0.161,0.48238,2.996,,,
380th,test,2023-07-18,4:56:43,0.187,0.55911,2.986,,,
381st,murasaki,2023-07-22,6:02:52,0.174,0.51205,2.949,,,
382nd,test,2023-07-09,9:33:34,0.083,0.24369,2.928,,,
383rd,acv,2023-07-28,21:52:14,0.175,0.51069,2.926,,,
384th,acv,2023-07-22,0:26:14,0.176,0.51069,2.901,,,
385th,labuladuo,2023-07-24,22:29:33,0.161,0.46564,2.893,,,
386th,ygyw,2023-07-04,0:09:02,0.062,0.17769,2.881,,,
387th,huhu,2023-07-05,23:08:55,0.174,0.50084,2.877,,,
388th,acv,2023-07-23,2:01:31,0.181,0.51069,2.823,,,
389th,moka,2023-07-26,12:16:07,0.184,0.5182,2.81,,,
390th,alll,2023-07-19,23:45:59,0.196,0.54479,2.785,,,
391st,hy911,2023-08-04,13:13:37,0.084,0.2267,2.703,,,
392nd,ipp,2023-07-19,8:21:29,0.213,0.57117,2.677,,,
393rd,test,2023-07-04,9:17:31,0.082,0.21269,2.609,,,
394th,ipp,2023-07-18,5:16:46,0.22,0.56587,2.574,,,
395th,huhu,2023-07-26,9:39:20,0.06,0.14845,2.482,,,
396th,huhu,2023-07-26,9:26:28,0.06,0.14792,2.482,,,
397th,Smith,2023-07-01,9:04:54,0.197,0.4793,2.43,,,
398th,CXK,2023-07-11,2:05:48,0.036,0.08664,2.43,,,
399th,ipp,2023-07-29,10:16:22,0.234,0.56208,2.4,,,
400th,alll,2023-08-03,7:40:13,0.219,0.52292,2.385,,,
401st,alll,2023-08-04,22:55:13,0.229,0.54338,2.376,,,
402nd,HugeRabbit,2023-07-31,5:22:34,0.184,0.43062,2.335,,,
403rd,ipp,2023-07-23,10:37:29,0.247,0.57625,2.334,,,
404th,bugger5,2023-07-30,23:18:20,0.152,0.35427,2.324,,,
405th,user35,2023-07-11,9:12:40,0.181,0.41357,2.291,,,
406th,NCKU_ACVLA,2023-07-21,14:58:08,0.106,0.23914,2.26,,,
407th,acv,2023-07-24,22:08:20,0.232,0.51079,2.206,,,
408th,acv,2023-07-02,22:01:05,0.242,0.51766,2.135,,,
409th,labuladuo,2023-07-22,22:36:06,0.23,0.4888,2.125,,,
410th,alll,2023-07-11,10:26:19,0.001,0.00211,2.014,,,
411th,nickerstar,2023-07-31,5:20:23,0.288,0.56469,1.959,,,
412th,test,2023-07-30,10:42:55,0.317,0.58538,1.847,,,
413th,NCKU_ACVLA,2023-07-15,7:15:44,0.301,0.51328,1.708,,,
414th,levelone,2023-07-20,0:18:52,0.036,0.06093,1.701,,,
415th,CU-test,2023-07-18,13:01:38,0.314,0.51419,1.638,,,
416th,test,2023-08-04,8:37:21,0.335,0.51933,1.551,,,
417th,2m3m4m,2023-08-04,9:16:39,0.337,0.51933,1.543,,,
418th,alll,2023-08-04,22:32:20,0.392,0.60107,1.533,,,
419th,2m3m4m,2023-08-04,8:52:37,0.339,0.51874,1.529,,,
420th,alll,2023-08-04,23:24:23,0.261,0.39743,1.521,,,
421st,sb,2023-07-19,21:36:05,0.039,0.05869,1.502,,,
422nd,yyyy,2023-08-04,9:22:04,0.347,0.51954,1.498,,,
423rd,goodluck2,2023-08-02,5:44:16,0.021,0.0306,1.491,,,
424th,2m3m4m,2023-08-04,9:05:58,0.357,0.51895,1.453,,,
425th,test,2023-08-04,7:09:58,0.36,0.52105,1.447,,,
426th,NCKU_ACVLA,2023-07-20,2:26:00,0.17,0.23825,1.405,,,
427th,alll,2023-07-21,12:03:21,0.393,0.54997,1.4,,,
428th,presso,2023-08-04,5:23:22,0.373,0.51866,1.391,,,
429th,presso,2023-08-04,6:31:02,0.383,0.52003,1.358,,,
430th,presso,2023-08-04,4:16:03,0.409,0.51933,1.269,,,
431st,test,2023-07-27,4:09:34,0.11,0.10742,0.975,,,
432nd,ipp,2023-07-31,7:58:21,0.072,0.06744,0.936,,,
433rd,alll,2023-07-14,10:47:54,0.001,0.00107,0.93,,,
434th,Atlas,2023-08-02,14:17:24,0.542,0.49296,0.91,,,
435th,alll,2023-07-31,6:10:00,0.069,0.06308,0.909,,,
436th,goodluck,2023-08-02,2:45:25,0.017,0.0153,0.908,,,
437th,alll,2023-07-27,2:55:26,0.128,0.11496,0.896,,,
438th,fucw,2023-08-01,5:02:35,0.018,0.01499,0.85,,,
439th,user35,2023-07-26,9:34:12,0.017,0.01309,0.748,,,
440th,dummy,2023-07-31,5:09:39,0.686,0.49948,0.729,,,
441st,wodehaoge,2023-07-20,2:45:13,0.017,0.01255,0.718,,,
442nd,test,2023-07-10,9:33:56,0.036,0.02522,0.709,,,
443rd,goodluck2,2023-08-02,4:29:41,0.018,0.01247,0.696,,,
444th,labuladuo,2023-07-31,5:23:59,0.771,0.49989,0.649,,,
445th,fp128,2023-07-31,14:07:43,0.784,0.50168,0.64,,,
446th,wodesong,2023-07-20,1:56:28,0.02,0.01153,0.581,,,
447th,sb,2023-07-30,9:44:32,0.019,0.00966,0.498,,,
448th,labuladuo,2023-07-21,12:51:26,1.013,0.4942,0.488,,,
449th,Ele.me,2023-07-03,15:16:58,0.112,0.05121,0.456,,,
450th,wjcg,2023-07-11,1:12:35,0.044,0.01913,0.437,,,
451st,eastmoon,2023-07-19,22:35:39,0.039,0.01299,0.334,,,
452nd,sb,2023-07-22,4:12:52,0.036,0.01178,0.324,,,
453rd,goodluck,2023-07-20,0:07:43,0.035,0.01076,0.309,,,
454th,huhu,2023-07-24,3:57:34,0.07,0.01956,0.28,,,
455th,goodluck2,2023-07-20,1:34:54,0.027,0.00694,0.257,,,
456th,ygyw,2023-07-11,1:27:42,0.044,0.01033,0.237,,,
457th,dummy,2023-07-21,23:28:09,1.907,0.42029,0.22,,,
458th,MMAI,2023-08-01,22:05:05,0.075,0.01526,0.204,,,
459th,eastmoon,2023-07-30,10:12:38,0.02,0.00363,0.184,,,
460th,eastmoon,2023-07-31,21:48:15,0.014,0.00258,0.178,,,
461st,abinabin,2023-07-11,0:56:16,0.085,0.01509,0.177,,,
462nd,fighting6,2023-07-19,11:04:53,0.078,0.01364,0.176,,,
463rd,user7777,2023-07-19,7:53:59,0.055,0.00887,0.161,,,
464th,ygyw,2023-07-20,1:20:45,0.026,0.00416,0.161,,,
465th,user71,2023-07-19,7:42:51,0.056,0.00887,0.157,,,
466th,alll,2023-07-16,4:45:24,0.001,0.00015,0.149,,,
467th,acv,2023-07-11,23:22:54,0.098,0.01416,0.145,,,
468th,huhu,2023-07-25,3:58:05,0.087,0.01106,0.127,,,
469th,NCKU_ACVLA,2023-07-11,7:11:46,0.108,0.01369,0.126,,,
470th,goodluck2,2023-07-31,22:43:33,0.015,0.00186,0.125,,,
471st,ENOT,2023-07-18,12:11:29,0.048,0.00595,0.125,,,
472nd,dummy,2023-08-01,5:10:45,6.446,0.50168,0.078,,,
473rd,Meituan,2023-08-01,6:16:09,6.738,0.50175,0.074,,,
474th,Ele.me,2023-08-01,4:55:30,7.514,0.50112,0.067,,,
475th,1234421,2023-07-15,0:03:43,0.106,0.00653,0.061,,,
476th,MMAI,2023-07-06,5:28:23,0.162,0.00612,0.038,,,
477th,YH,2023-08-03,23:01:34,100.03,0.48581,0.005,,,
Note,that,all,times,are,listed,in,EDT,(New,York).
Team,Bests,,,,,,,,
Rank,Team,Organization,Team,Members,Top,Score,,,
1st,ModelTC,Undisclosed,Undisclosed,75.608,,,,,
2nd,ENOT,Undisclosed,Undisclosed,58.317,,,,,
3rd,AidgetRock,Undisclosed,Undisclosed,36.792,,,,,
4th,AICer,Undisclosed,Undisclosed,34.051,,,,,
5th,CXK,Undisclosed,Undisclosed,33.765,,,,,
6th,DL,Undisclosed,Undisclosed,31.043,,,,,
7th,eslab,Undisclosed,Undisclosed,28.921,,,,,
8th,SEU-AI,Undisclosed,Undisclosed,28.872,,,,,
9th,台灣小孩,Undisclosed,Undisclosed,26.648,,,,,
10th,ZXCDL,Undisclosed,Undisclosed,25.735,,,,,
11th,qaqw,Undisclosed,Undisclosed,24.58,,,,,
12th,LIedu,Undisclosed,Undisclosed,24.176,,,,,
13th,ygyw,Undisclosed,Undisclosed,23.91,,,,,
14th,hfsz,Undisclosed,Undisclosed,23.819,,,,,
15th,fucl,Undisclosed,Undisclosed,23.272,,,,,
16th,qaqq,Undisclosed,Undisclosed,23.076,,,,,
17th,fucx,Undisclosed,Undisclosed,21.293,,,,,
18th,gggg,Undisclosed,Undisclosed,14.908,,,,,
19th,Hawk,Eye,Undisclosed,Undisclosed,14.71,,,,
20th,IAI126,Undisclosed,Undisclosed,14.432,,,,,
21st,test,Undisclosed,Undisclosed,12.366,,,,,
22nd,goodluck,Undisclosed,Undisclosed,12.339,,,,,
23rd,user46,Undisclosed,Undisclosed,11.606,,,,,
24th,brian1009,Undisclosed,Undisclosed,11.595,,,,,
25th,TUDS,Undisclosed,Undisclosed,10.003,,,,,
26th,user35,Undisclosed,Undisclosed,9.729,,,,,
27th,MMAI,Undisclosed,Undisclosed,9.52,,,,,
28th,user71,Undisclosed,Undisclosed,8.961,,,,,
29th,rr,Undisclosed,Undisclosed,8.817,,,,,
30th,huhu,Undisclosed,Undisclosed,8.8,,,,,
31st,user17,Undisclosed,Undisclosed,8.748,,,,,
32nd,4m4m4m4m,Undisclosed,Undisclosed,8.629,,,,,
33rd,user77,Undisclosed,Undisclosed,8.598,,,,,
34th,huhu,Undisclosed,Undisclosed,8.584,,,,,
35th,huhu,Undisclosed,Undisclosed,8.357,,,,,
36th,user03,Undisclosed,Undisclosed,8.307,,,,,
37th,huhu,Undisclosed,Undisclosed,8.303,,,,,
38th,1m1m1m1,Undisclosed,Undisclosed,8.073,,,,,
39th,2m2m2m,Undisclosed,Undisclosed,8.055,,,,,
40th,shawn,Undisclosed,Undisclosed,7.808,,,,,
41st,Smith,Undisclosed,Undisclosed,7.493,,,,,
42nd,hy911,Undisclosed,Undisclosed,6.895,,,,,
43rd,hy911,Undisclosed,Undisclosed,6.865,,,,,
44th,MMAI,Undisclosed,Undisclosed,6.864,,,,,
45th,IQG_SH,Undisclosed,Undisclosed,6.121,,,,,
46th,SaltyFish,Undisclosed,Undisclosed,6.084,,,,,
47th,test69696,Undisclosed,Undisclosed,6.01,,,,,
48th,IQG,Undisclosed,Undisclosed,5.933,,,,,
49th,abinabin,Undisclosed,Undisclosed,5.877,,,,,
50th,g777,Undisclosed,Undisclosed,5.784,,,,,
51st,g666,Undisclosed,Undisclosed,5.713,,,,,
52nd,1234421,Undisclosed,Undisclosed,5.608,,,,,
53rd,moka,Undisclosed,Undisclosed,5.467,,,,,
54th,hani,Undisclosed,Undisclosed,5.36,,,,,
55th,CARES,Undisclosed,Undisclosed,5.297,,,,,
56th,sample,Undisclosed,Undisclosed,4.648,,,,,
57th,mraanyone80,Undisclosed,Undisclosed,4.642,,,,,
58th,NetsPresso,Undisclosed,Undisclosed,4.64,,,,,
59th,NCKU_ACVLA,Undisclosed,Undisclosed,4.639,,,,,
60th,PotatoNet,Undisclosed,Undisclosed,4.639,,,,,